ITEMS,PRICE,Ratings
Realme Narzo 20 (Glory Silver| 64 GB),10499,4.3
Realme Narzo 20 (Glory Silver| 128 GB),11499,4.3
Realme Narzo 20 (Victory Blue| 64 GB),10499,4.3
POCO M2 (Slate Blue| 64 GB),10999,4.3
Redmi 9i (Sea Blue| 64 GB),8299,4.3
POCO C3 (Arctic Blue| 32 GB),7999,4.3
POCO C3 (Lime Green| 32 GB),7999,4.3
POCO M2 (Pitch Black| 64 GB),10999,4.3
POCO M2 Pro (Out of the Blue| 64 GB),14999,4.4
Redmi 9i (Nature Green| 64 GB),8299,4.3
Realme 7i (Fusion Blue| 64 GB),11999,4.3
Realme 7i (Fusion Green| 64 GB),11999,4.3
Infinix Smart 4 Plus (Quetzal Cyan| 32 GB),7999,4.4
Realme C12 (Power Silver| 32 GB),8999,4.4
Realme C12 (Power Blue| 32 GB),8999,4.4
Infinix Hot 10 (Amber Red| 128 GB),10999,4.4
Infinix Hot 10 (Ocean Wave| 128 GB),10999,4.4
Realme Narzo 10 (That White| 128 GB),11999,4.5
Infinix Hot 9 (Violet| 64 GB),9499,4.4
Infinix Hot 9 (Ocean Wave| 64 GB),9499,4.4
Infinix Hot 9 (Quetzal Cyan| 64 GB),9499,4.4
Redmi 9i (Midnight Black| 64 GB),8299,4.3
Infinix Hot 10 (Obsidian Black| 64 GB),9499,4.4
Infinix Hot 10 (Moonlight Jade| 64 GB),9499,4.4
Realme Narzo 20 (Glory Silver| 64 GB),10499,4.3
Realme Narzo 20 (Glory Silver| 128 GB),11499,4.3
Realme Narzo 20 (Victory Blue| 64 GB),10499,4.3
POCO M2 (Slate Blue| 64 GB),10999,4.3
Redmi 9i (Sea Blue| 64 GB),8299,4.3
POCO C3 (Arctic Blue| 32 GB),7999,4.3
POCO C3 (Lime Green| 32 GB),7999,4.3
POCO M2 (Pitch Black| 64 GB),10999,4.3
POCO M2 Pro (Out of the Blue| 64 GB),14999,4.4
Redmi 9i (Nature Green| 64 GB),8299,4.3
Realme 7i (Fusion Blue| 64 GB),11999,4.3
Realme 7i (Fusion Green| 64 GB),11999,4.3
Infinix Smart 4 Plus (Quetzal Cyan| 32 GB),7999,4.4
Realme C12 (Power Silver| 32 GB),8999,4.4
Realme C12 (Power Blue| 32 GB),8999,4.4
Infinix Hot 10 (Amber Red| 128 GB),10999,4.4
Infinix Hot 10 (Ocean Wave| 128 GB),10999,4.4
Realme Narzo 10 (That White| 128 GB),11999,4.5
Infinix Hot 9 (Violet| 64 GB),9499,4.4
Infinix Hot 9 (Ocean Wave| 64 GB),9499,4.4
Infinix Hot 9 (Quetzal Cyan| 64 GB),9499,4.4
Redmi 9i (Midnight Black| 64 GB),8299,4.3
Infinix Hot 10 (Obsidian Black| 64 GB),9499,4.4
Infinix Hot 10 (Moonlight Jade| 64 GB),9499,4.4
Realme Narzo 20 (Glory Silver| 64 GB),10499,4.3
Realme Narzo 20 (Glory Silver| 128 GB),11499,4.3
Realme Narzo 20 (Victory Blue| 64 GB),10499,4.3
POCO M2 (Slate Blue| 64 GB),10999,4.3
Redmi 9i (Sea Blue| 64 GB),8299,4.3
POCO C3 (Arctic Blue| 32 GB),7999,4.3
POCO C3 (Lime Green| 32 GB),7999,4.3
POCO M2 (Pitch Black| 64 GB),10999,4.3
POCO M2 Pro (Out of the Blue| 64 GB),14999,4.4
Redmi 9i (Nature Green| 64 GB),8299,4.3
Realme 7i (Fusion Blue| 64 GB),11999,4.3
Realme 7i (Fusion Green| 64 GB),11999,4.3
Infinix Smart 4 Plus (Quetzal Cyan| 32 GB),7999,4.4
Realme C12 (Power Silver| 32 GB),8999,4.4
Realme C12 (Power Blue| 32 GB),8999,4.4
Infinix Hot 10 (Amber Red| 128 GB),10999,4.4
Infinix Hot 10 (Ocean Wave| 128 GB),10999,4.4
Realme Narzo 10 (That White| 128 GB),11999,4.5
Infinix Hot 9 (Violet| 64 GB),9499,4.4
Infinix Hot 9 (Ocean Wave| 64 GB),9499,4.4
Infinix Hot 9 (Quetzal Cyan| 64 GB),9499,4.4
Redmi 9i (Midnight Black| 64 GB),8299,4.3
Infinix Hot 10 (Obsidian Black| 64 GB),9499,4.4
Infinix Hot 10 (Moonlight Jade| 64 GB),9499,4.4
Realme Narzo 20 (Glory Silver| 64 GB),10499,4.3
Realme Narzo 20 (Glory Silver| 128 GB),11499,4.3
Realme Narzo 20 (Victory Blue| 64 GB),10499,4.3
POCO M2 (Slate Blue| 64 GB),10999,4.3
Redmi 9i (Sea Blue| 64 GB),8299,4.3
POCO C3 (Arctic Blue| 32 GB),7999,4.3
POCO C3 (Lime Green| 32 GB),7999,4.3
POCO M2 (Pitch Black| 64 GB),10999,4.3
POCO M2 Pro (Out of the Blue| 64 GB),14999,4.4
Redmi 9i (Nature Green| 64 GB),8299,4.3
Realme 7i (Fusion Blue| 64 GB),11999,4.3
Realme 7i (Fusion Green| 64 GB),11999,4.3
Infinix Smart 4 Plus (Quetzal Cyan| 32 GB),7999,4.4
Realme C12 (Power Silver| 32 GB),8999,4.4
Realme C12 (Power Blue| 32 GB),8999,4.4
Infinix Hot 10 (Amber Red| 128 GB),10999,4.4
Infinix Hot 10 (Ocean Wave| 128 GB),10999,4.4
Realme Narzo 10 (That White| 128 GB),11999,4.5
Infinix Hot 9 (Violet| 64 GB),9499,4.4
Infinix Hot 9 (Ocean Wave| 64 GB),9499,4.4
Infinix Hot 9 (Quetzal Cyan| 64 GB),9499,4.4
Redmi 9i (Midnight Black| 64 GB),8299,4.3
Infinix Hot 10 (Obsidian Black| 64 GB),9499,4.4
Infinix Hot 10 (Moonlight Jade| 64 GB),9499,4.4
Realme Narzo 20 (Glory Silver| 64 GB),10499,4.3
Realme Narzo 20 (Glory Silver| 128 GB),11499,4.3
Realme Narzo 20 (Victory Blue| 64 GB),10499,4.3
POCO M2 (Slate Blue| 64 GB),10999,4.3
Redmi 9i (Sea Blue| 64 GB),8299,4.3
POCO C3 (Arctic Blue| 32 GB),7999,4.3
POCO C3 (Lime Green| 32 GB),7999,4.3
POCO M2 (Pitch Black| 64 GB),10999,4.3
POCO M2 Pro (Out of the Blue| 64 GB),14999,4.4
Redmi 9i (Nature Green| 64 GB),8299,4.3
Realme 7i (Fusion Blue| 64 GB),11999,4.3
Realme 7i (Fusion Green| 64 GB),11999,4.3
Infinix Smart 4 Plus (Quetzal Cyan| 32 GB),7999,4.4
Realme C12 (Power Silver| 32 GB),8999,4.4
Realme C12 (Power Blue| 32 GB),8999,4.4
Infinix Hot 10 (Amber Red| 128 GB),10999,4.4
Infinix Hot 10 (Ocean Wave| 128 GB),10999,4.4
Realme Narzo 10 (That White| 128 GB),11999,4.5
Infinix Hot 9 (Violet| 64 GB),9499,4.4
Infinix Hot 9 (Ocean Wave| 64 GB),9499,4.4
Infinix Hot 9 (Quetzal Cyan| 64 GB),9499,4.4
Redmi 9i (Midnight Black| 64 GB),8299,4.3
Infinix Hot 10 (Obsidian Black| 64 GB),9499,4.4
Infinix Hot 10 (Moonlight Jade| 64 GB),9499,4.4
